目标机名,用户名,是否双屏,是否4k,资源名,角色
B014936,014936,1,1,华泰证券-办公云桌面04,华泰证券-办公云桌面04
B003240,003240,1,1,华泰证券-办公云桌面04,华泰证券-办公云桌面04
B010776,010776,1,1,华泰证券-办公云桌面04,华泰证券-办公云桌面04
B013978,013978,1,1,华泰证券-办公云桌面04,华泰证券-办公云桌面04
B002506,002506,1,1,华泰证券-办公云桌面04,华泰证券-办公云桌面04
B023145,023145,1,1,华泰证券-办公云桌面04,华泰证券-办公云桌面04
B017337,017337,1,1,华泰证券-办公云桌面04,华泰证券-办公云桌面04
B013525,013525,1,1,华泰证券-办公云桌面04,华泰证券-办公云桌面04
B006694,006694,1,1,华泰证券-办公云桌面04,华泰证券-办公云桌面04
B003728,003728,1,1,华泰证券-办公云桌面04,华泰证券-办公云桌面04
B002260,002260,1,1,华泰证券-办公云桌面04,华泰证券-办公云桌面04
B001874,001874,1,1,华泰证券-办公云桌面04,华泰证券-办公云桌面04
B001709,001709,1,1,华泰证券-办公云桌面04,华泰证券-办公云桌面04
B003316,003316,1,1,华泰证券-办公云桌面04,华泰证券-办公云桌面04
B011533,011533,1,1,华泰证券-办公云桌面04,华泰证券-办公云桌面04
B004974,004974,1,1,华泰证券-办公云桌面04,华泰证券-办公云桌面04
B004653,004653,1,1,华泰证券-办公云桌面04,华泰证券-办公云桌面04
B002494,002494,1,1,华泰证券-办公云桌面04,华泰证券-办公云桌面04
B002257,002257,1,1,华泰证券-办公云桌面04,华泰证券-办公云桌面04
B002155,002155,1,1,华泰证券-办公云桌面04,华泰证券-办公云桌面04
B024785,024785,1,1,华泰证券-办公云桌面04,华泰证券-办公云桌面04
B021865,021865,1,1,华泰证券-办公云桌面04,华泰证券-办公云桌面04
B026030,026030,1,1,华泰证券-办公云桌面04,华泰证券-办公云桌面04
B015574,015574,1,1,华泰证券-办公云桌面04,华泰证券-办公云桌面04
B017014,017014,1,1,华泰证券-办公云桌面04,华泰证券-办公云桌面04
B020253,020253,1,1,华泰证券-办公云桌面04,华泰证券-办公云桌面04
B011697,011697,1,1,华泰证券-办公云桌面04,华泰证券-办公云桌面04
B010301,010301,1,1,华泰证券-办公云桌面04,华泰证券-办公云桌面04
B006006,006006,1,1,华泰证券-办公云桌面04,华泰证券-办公云桌面04
B024751,024751,1,1,华泰证券-办公云桌面04,华泰证券-办公云桌面04
B024342,024342,1,1,华泰证券-办公云桌面04,华泰证券-办公云桌面04
B023976,023976,1,1,华泰证券-办公云桌面04,华泰证券-办公云桌面04
B018018,018018,1,1,华泰证券-办公云桌面04,华泰证券-办公云桌面04
B002185,002185,1,1,华泰证券-办公云桌面04,华泰证券-办公云桌面04
B023112,023112,1,1,华泰证券-办公云桌面04,华泰证券-办公云桌面04
B015586,015586,1,1,华泰证券-办公云桌面04,华泰证券-办公云桌面04
B014251,014251,1,1,华泰证券-办公云桌面04,华泰证券-办公云桌面04
B018208,018208,1,1,华泰证券-办公云桌面04,华泰证券-办公云桌面04
B016875,016875,1,1,华泰证券-办公云桌面04,华泰证券-办公云桌面04
B010521,010521,1,1,华泰证券-办公云桌面04,华泰证券-办公云桌面04
B017771,017771,1,1,华泰证券-办公云桌面04,华泰证券-办公云桌面04
B010796,010796,1,1,华泰证券-办公云桌面04,华泰证券-办公云桌面04
B014334,014334,1,1,华泰证券-办公云桌面04,华泰证券-办公云桌面04
B010801,010801,1,1,华泰证券-办公云桌面04,华泰证券-办公云桌面04
B016451,016451,1,1,华泰证券-办公云桌面04,华泰证券-办公云桌面04
B015545,015545,1,1,华泰证券-办公云桌面04,华泰证券-办公云桌面04
B020254,020254,1,1,华泰证券-办公云桌面04,华泰证券-办公云桌面04
B002151,002151,1,1,华泰证券-办公云桌面04,华泰证券-办公云桌面04
B010741,010741,1,1,华泰证券-办公云桌面04,华泰证券-办公云桌面04
B006689,006689,1,1,华泰证券-办公云桌面04,华泰证券-办公云桌面04
B018455,018455,1,1,华泰证券-办公云桌面04,华泰证券-办公云桌面04
B012192,012192,1,1,华泰证券-办公云桌面04,华泰证券-办公云桌面04
B011466,011466,1,1,华泰证券-办公云桌面04,华泰证券-办公云桌面04
B011658,011658,1,1,华泰证券-办公云桌面04,华泰证券-办公云桌面04
B020336,020336,1,1,华泰证券-办公云桌面04,华泰证券-办公云桌面04
B014345,014345,1,1,华泰证券-办公云桌面04,华泰证券-办公云桌面04
B013006,013006,1,1,华泰证券-办公云桌面04,华泰证券-办公云桌面04
B016187,016187,1,1,华泰证券-办公云桌面04,华泰证券-办公云桌面04
B001923,001923,1,1,华泰证券-办公云桌面04,华泰证券-办公云桌面04
B017582,017582,1,1,华泰证券-办公云桌面04,华泰证券-办公云桌面04
B012797,012797,1,1,华泰证券-办公云桌面04,华泰证券-办公云桌面04
B021999,021999,1,1,华泰证券-办公云桌面04,华泰证券-办公云桌面04
B019419,019419,1,1,华泰证券-办公云桌面04,华泰证券-办公云桌面04
B022801,022801,1,1,华泰证券-办公云桌面04,华泰证券-办公云桌面04
B005922,005922,1,1,华泰证券-办公云桌面04,华泰证券-办公云桌面04
B016011,016011,1,1,华泰证券-办公云桌面04,华泰证券-办公云桌面04
B022310,022310,1,1,华泰证券-办公云桌面04,华泰证券-办公云桌面04
B021896,021896,1,1,华泰证券-办公云桌面04,华泰证券-办公云桌面04
B016531,016531,1,1,华泰证券-办公云桌面04,华泰证券-办公云桌面04
B005931,005931,1,1,华泰证券-办公云桌面04,华泰证券-办公云桌面04
B011170,011170,1,1,华泰证券-办公云桌面04,华泰证券-办公云桌面04
B004615,004615,1,1,华泰证券-办公云桌面04,华泰证券-办公云桌面04
B016837,016837,1,1,华泰证券-办公云桌面04,华泰证券-办公云桌面04
B016185,016185,1,1,华泰证券-办公云桌面04,华泰证券-办公云桌面04
B013518,013518,1,1,华泰证券-办公云桌面04,华泰证券-办公云桌面04
B006072,006072,1,1,华泰证券-办公云桌面04,华泰证券-办公云桌面04
B006027,006027,1,1,华泰证券-办公云桌面04,华泰证券-办公云桌面04
B004647,004647,1,1,华泰证券-办公云桌面04,华泰证券-办公云桌面04
B004628,004628,1,1,华泰证券-办公云桌面04,华泰证券-办公云桌面04
B004026,004026,1,1,华泰证券-办公云桌面04,华泰证券-办公云桌面04
B002436,002436,1,1,华泰证券-办公云桌面04,华泰证券-办公云桌面04
B002371,002371,1,1,华泰证券-办公云桌面04,华泰证券-办公云桌面04
B001260,001260,1,1,华泰证券-办公云桌面04,华泰证券-办公云桌面04
B011660,011660,1,1,华泰证券-办公云桌面04,华泰证券-办公云桌面04
B011659,011659,1,1,华泰证券-办公云桌面04,华泰证券-办公云桌面04
B016441,016441,1,1,华泰证券-办公云桌面04,华泰证券-办公云桌面04
B013514,013514,1,1,华泰证券-办公云桌面04,华泰证券-办公云桌面04
B012736,012736,1,1,华泰证券-办公云桌面04,华泰证券-办公云桌面04
B010535,010535,1,1,华泰证券-办公云桌面04,华泰证券-办公云桌面04
B024889,024889,1,1,华泰证券-办公云桌面04,华泰证券-办公云桌面04
B024885,024885,1,1,华泰证券-办公云桌面04,华泰证券-办公云桌面04
B024395,024395,1,1,华泰证券-办公云桌面04,华泰证券-办公云桌面04
B023978,023978,1,1,华泰证券-办公云桌面04,华泰证券-办公云桌面04
B022457,022457,1,1,华泰证券-办公云桌面04,华泰证券-办公云桌面04
B017854,017854,1,1,华泰证券-办公云桌面04,华泰证券-办公云桌面04
B002704,002704,1,1,华泰证券-办公云桌面04,华泰证券-办公云桌面04
B018661,018661,1,1,华泰证券-办公云桌面04,华泰证券-办公云桌面04
B019199,019199,1,1,华泰证券-办公云桌面04,华泰证券-办公云桌面04
B013718,013718,1,1,华泰证券-办公云桌面04,华泰证券-办公云桌面04
B003555,003555,1,1,华泰证券-办公云桌面04,华泰证券-办公云桌面04
B017496,017496,1,1,华泰证券-办公云桌面04,华泰证券-办公云桌面04
B018985,018985,1,1,华泰证券-办公云桌面04,华泰证券-办公云桌面04
B002746,002746,1,1,华泰证券-办公云桌面04,华泰证券-办公云桌面04
B016720,016720,1,1,华泰证券-办公云桌面04,华泰证券-办公云桌面04
B004917,004917,1,1,华泰证券-办公云桌面04,华泰证券-办公云桌面04
B016232,016232,1,1,华泰证券-办公云桌面04,华泰证券-办公云桌面04
B011112,011112,1,1,华泰证券-办公云桌面04,华泰证券-办公云桌面04
B016262,016262,1,1,华泰证券-办公云桌面04,华泰证券-办公云桌面04
B019963,019963,1,1,华泰证券-办公云桌面04,华泰证券-办公云桌面04
B011024,011024,1,1,华泰证券-办公云桌面04,华泰证券-办公云桌面04
B020958,020958,1,1,华泰证券-办公云桌面04,华泰证券-办公云桌面04
B020628,020628,1,1,华泰证券-办公云桌面04,华泰证券-办公云桌面04
B020401,020401,1,1,华泰证券-办公云桌面04,华泰证券-办公云桌面04
B016394,016394,1,1,华泰证券-办公云桌面04,华泰证券-办公云桌面04
B017623,017623,1,1,华泰证券-办公云桌面04,华泰证券-办公云桌面04
B019369,019369,1,1,华泰证券-办公云桌面04,华泰证券-办公云桌面04
B016984,016984,1,1,华泰证券-办公云桌面04,华泰证券-办公云桌面04
B011501,011501,1,1,华泰证券-办公云桌面04,华泰证券-办公云桌面04
B011462,011462,1,1,华泰证券-办公云桌面04,华泰证券-办公云桌面04
B009357,009357,1,1,华泰证券-办公云桌面04,华泰证券-办公云桌面04
B009159,009159,1,1,华泰证券-办公云桌面04,华泰证券-办公云桌面04
B009157,009157,1,1,华泰证券-办公云桌面04,华泰证券-办公云桌面04
B002739,002739,1,1,华泰证券-办公云桌面04,华泰证券-办公云桌面04
B002680,002680,1,1,华泰证券-办公云桌面04,华泰证券-办公云桌面04
B002043,002043,1,1,华泰证券-办公云桌面04,华泰证券-办公云桌面04
B001901,001901,1,1,华泰证券-办公云桌面04,华泰证券-办公云桌面04
B011264,011264,1,1,华泰证券-办公云桌面04,华泰证券-办公云桌面04
B011137,011137,1,1,华泰证券-办公云桌面04,华泰证券-办公云桌面04
B009242,009242,1,1,华泰证券-办公云桌面04,华泰证券-办公云桌面04
B011461,011461,1,1,华泰证券-办公云桌面04,华泰证券-办公云桌面04
B017442,017442,1,1,华泰证券-办公云桌面04,华泰证券-办公云桌面04
B016845,016845,1,1,华泰证券-办公云桌面04,华泰证券-办公云桌面04
B016546,016546,1,1,华泰证券-办公云桌面04,华泰证券-办公云桌面04
B015110,015110,1,1,华泰证券-办公云桌面04,华泰证券-办公云桌面04
B024451,024451,1,1,华泰证券-办公云桌面04,华泰证券-办公云桌面04
B003890,003890,1,1,华泰证券-办公云桌面04,华泰证券-办公云桌面04
B015329,015329,1,1,华泰证券-办公云桌面04,华泰证券-办公云桌面04
B012252,012252,1,1,华泰证券-办公云桌面04,华泰证券-办公云桌面04
B011078,011078,1,1,华泰证券-办公云桌面04,华泰证券-办公云桌面04
B013033,013033,1,1,华泰证券-办公云桌面04,华泰证券-办公云桌面04
B026267,026267,1,1,华泰证券-办公云桌面04,华泰证券-办公云桌面04
B005961,005961,1,1,华泰证券-办公云桌面04,华泰证券-办公云桌面04
B017049,017049,1,1,华泰证券-办公云桌面04,华泰证券-办公云桌面04
B002033,002033,1,1,华泰证券-办公云桌面04,华泰证券-办公云桌面04
B025565,025565,1,1,华泰证券-办公云桌面04,华泰证券-办公云桌面04
B001742,001742,1,1,华泰证券-办公云桌面04,华泰证券-办公云桌面04
B014322,014322,1,1,华泰证券-办公云桌面04,华泰证券-办公云桌面04
B025397,025397,1,1,华泰证券-办公云桌面04,华泰证券-办公云桌面04
B010637,010637,1,1,华泰证券-办公云桌面04,华泰证券-办公云桌面04
B001904,001904,1,1,华泰证券-办公云桌面04,华泰证券-办公云桌面04
B014104,014104,1,1,华泰证券-办公云桌面04,华泰证券-办公云桌面04
B017050,017050,1,1,华泰证券-办公云桌面04,华泰证券-办公云桌面04
B015584,015584,1,1,华泰证券-办公云桌面04,华泰证券-办公云桌面04
B019491,019491,1,1,华泰证券-办公云桌面04,华泰证券-办公云桌面04
B006620,006620,1,1,华泰证券-办公云桌面04,华泰证券-办公云桌面04
B010788,010788,1,1,华泰证券-办公云桌面04,华泰证券-办公云桌面04
B010812,010812,1,1,华泰证券-办公云桌面04,华泰证券-办公云桌面04
B006247,006247,1,1,华泰证券-办公云桌面04,华泰证券-办公云桌面04
BZYVDDT02-921Q,zyvdidt02,1,1,华泰证券-办公云桌面04,华泰证券-办公云桌面04
BZYVDDT03-921Q,zyvdidt03,1,1,华泰证券-办公云桌面04,华泰证券-办公云桌面04
